DraftPick,FIFA_Rank,Team,Points,Category,Status
1,211,San Marino,721.2,FIFA member,Done - Full squad
2,210,Anguilla,760.25,FIFA member,Done - Thin pool (0 players)
3,209,British Virgin Islands,777.41,FIFA member,Done - Thin pool (0 players)
4,208,US Virgin Islands,779.76,FIFA member,Done - Thin pool (1 player)
5,207,Bahamas,786.82,FIFA member,Done - Thin pool (0 players)
6,206,Liechtenstein,797.7,FIFA member,Done - Thin pool (11 players)
7,205,Turks and Caicos Islands,803.98,FIFA member,Done - Thin pool (1 player)
8,204,Seychelles,804.16,FIFA member,Done - Thin pool (22 players)
9,203,Guam,819.54,FIFA member,Done - Thin pool (17 players)
10,202,Gibraltar,820.26,FIFA member,Done - Full squad
11,201,Timor-Leste,831.0,FIFA member,Done - Full squad
12,200,Tonga,835.64,FIFA member,Done - Thin pool (2 players)
13,199,Somalia,839.17,FIFA member,Done - Full squad (only 1 GK available)
14,198,Pakistan,840.28,FIFA member,Done - Full squad
15,197,Cayman Islands,850.06,FIFA member,Done - Thin pool (2 players)
16,196,Djibouti,853.58,FIFA member,Done - Thin pool (20 players)
17,195,São Tomé and Príncipe,855.44,FIFA member,Done - Full squad
18,194,Brunei Darussalam,857.73,FIFA member,Done - Full squad
19,193,Macau,858.03,FIFA member,Done - Thin pool (22 players)
20,192,Bhutan,870.81,FIFA member,"Done - Full squad (only 24 players, short of 26)"
21,191,American Samoa,871.61,FIFA member,Done - Thin pool (0 players)
22,190,Mongolia,874.47,FIFA member,Done - Thin pool (23 players)
23,189,Aruba,875.61,FIFA member,Done - Thin pool (2 players)
24,188,Samoa,876.41,FIFA member,Done - Thin pool (9 players)
25,187,Sri Lanka,876.86,FIFA member,"Done - Full squad (only 24 players, short of 26)"
26,186,Cook Islands,877.53,FIFA member,Done - Thin pool (6 players)
27,185,Laos,885.03,FIFA member,Done - Full squad
28,184,Eritrea,887.06,FIFA member,"Done - Thin pool (20 players, incl. Alexander Isak RAV 68.28)"
29,183,Chad,896.85,FIFA member,Done - Full squad (0 valued goalkeepers available)
30,182,Dominica,897.69,FIFA member,Done - Thin pool (4 players)
31,181,Bangladesh,902.93,FIFA member,Done - Full squad
32,180,Belize,907.0,FIFA member,Done - Thin pool (5 players)
33,179,Barbados,909.89,FIFA member,"Done - Thin pool (11 players, incl. Myles Lewis-Skelly RAV 64.55, Arsenal FC, England/Barbados dual)"
34,178,Mauritius,911.49,FIFA member,"Done - Thin pool (18 players, incl. Marli Salmon RAV 40.77, Arsenal FC U21, England/Mauritius dual)"
35,177,Nepal,914.54,FIFA member,Done - Thin pool (24 players)
36,176,Montserrat,916.75,FIFA member,"Done - Thin pool (8 players, incl. Joe Willock, Newcastle United, England/Montserrat dual)"
37,175,Cambodia,922.32,FIFA member,Done - Full squad
38,174,Taiwan,923.78,FIFA member,Done - Full squad
39,173,Maldives,943.92,FIFA member,Done - Full squad
40,172,Andorra,946.43,FIFA member,Done - Full squad
41,171,Afghanistan,968.07,FIFA member,"Done - Full squad (incl. Jusef Erabi RAV 27.88, Preston North End, Sweden/Afghanistan dual)"
42,170,St Vincent and the Grenadines,968.27,FIFA member,"Done - Thin pool (7 players, incl. Jesse Lingard, Corinthians, England/St. Vincent dual)"
43,169,South Sudan,970.94,FIFA member,"Done - Full squad (incl. Victor Loturi RAV 24.22 and Garang Kuol RAV 23.02, Australia/Canada dual nationals)"
44,168,Papua New Guinea,974.9,FIFA member,
45,167,Bermuda,975.05,FIFA member,
46,166,St Lucia,976.71,FIFA member,
47,165,Eswatini,979.01,FIFA member,
48,164,Cuba,981.42,FIFA member,
49,163,Grenada,981.82,FIFA member,
50,162,Antigua and Barbuda,986.58,FIFA member,
51,161,Malta,992.79,FIFA member,
52,160,Vanuatu,1002.53,FIFA member,
53,159,Moldova,1008.24,FIFA member,
54,158,Myanmar,1010.91,FIFA member,
55,157,Tahiti,1019.04,FIFA member,
56,156,"Hong Kong, China",1024.16,FIFA member,
57,155,Fiji,1024.17,FIFA member,
58,154,Puerto Rico,1024.3,FIFA member,
59,153,Solomon Islands,1031.89,FIFA member,
60,152,St Kitts and Nevis,1036.33,FIFA member,
61,151,New Caledonia,1036.95,FIFA member,
62,150,Guyana,1049.32,FIFA member,
63,149,Lithuania,1056.85,FIFA member,
64,148,Singapore,1057.95,FIFA member,
65,147,Botswana,1063.63,FIFA member,
66,146,Lesotho,1064.29,FIFA member,
67,145,Yemen,1065.24,FIFA member,
68,144,Dominican Republic,1076.5,FIFA member,
69,143,Ethiopia,1077.52,FIFA member,
70,142,Burundi,1078.01,FIFA member,
71,141,Turkmenistan,1078.65,FIFA member,
72,140,Liberia,1080.44,FIFA member,
73,139,Central African Republic,1080.82,FIFA member,
74,138,India,1084.93,FIFA member,
75,137,Latvia,1085.66,FIFA member,
76,136,Malaysia,1086.22,FIFA member,
77,135,Philippines,1100.95,FIFA member,
78,134,Congo,1105.96,FIFA member,
79,133,Kuwait,1106.47,FIFA member,
80,132,Guinea-Bissau,1108.38,FIFA member,
81,131,Nicaragua,1114.63,FIFA member,
82,130,Zimbabwe,1119.78,FIFA member,
83,129,Malawi,1122.05,FIFA member,
84,128,Rwanda,1126.62,FIFA member,
85,127,Estonia,1130.64,FIFA member,
86,126,Azerbaijan,1132.0,FIFA member,
87,125,Suriname,1132.43,FIFA member,
88,124,Cyprus,1133.25,FIFA member,
89,123,Faroe Islands,1136.59,FIFA member,
90,122,Sierra Leone,1147.56,FIFA member,
91,121,Namibia,1148.84,FIFA member,
92,120,Korea DPR,1151.05,FIFA member,
93,119,Togo,1152.76,FIFA member,
94,118,Indonesia,1157.14,FIFA member,
95,117,Sudan,1157.22,FIFA member,
96,116,The Gambia,1159.64,FIFA member,
97,115,Lebanon,1172.22,FIFA member,
98,114,Niger,1175.33,FIFA member,
99,113,Mauritania,1176.68,FIFA member,
100,112,Tanzania,1180.27,FIFA member,
101,111,Kazakhstan,1180.78,FIFA member,
102,110,Libya,1182.08,FIFA member,
103,109,Kenya,1185.08,FIFA member,
104,108,Comoros,1187.91,FIFA member,
105,107,Armenia,1189.63,FIFA member,
106,106,Kyrgyz Republic,1192.16,FIFA member,
107,105,Equatorial Guinea,1195.2,FIFA member,
108,104,Madagascar,1202.69,FIFA member,
109,103,Mozambique,1218.62,FIFA member,
110,102,Trinidad and Tobago,1219.59,FIFA member,
111,101,Tajikistan,1224.19,FIFA member,
112,100,El Salvador,1225.34,FIFA member,
113,99,Vietnam,1225.68,FIFA member,
114,98,Luxembourg,1232.82,FIFA member,
115,97,Guatemala,1238.74,FIFA member,
116,96,Belarus,1242.88,FIFA member,
117,95,Palestine,1243.71,FIFA member,
118,94,Thailand,1250.8,FIFA member,
119,93,Benin,1252.17,FIFA member,
120,92,Bahrain,1254.41,FIFA member,
121,91,China PR,1254.81,FIFA member,
122,90,Zambia,1255.82,FIFA member,
123,89,Uganda,1264.09,FIFA member,
124,88,Haiti,1264.58,FIFA member,
125,87,Angola,1265.58,FIFA member,
126,86,New Zealand,1269.8,FIFA member,
127,85,Bulgaria,1271.68,FIFA member,
128,84,Gabon,1272.51,FIFA member,
129,83,Syria,1283.05,FIFA member,
130,82,Curaçao,1285.65,FIFA member,
131,81,Guinea,1295.6,FIFA member,
132,80,Montenegro,1301.98,FIFA member,
133,79,Oman,1306.9,FIFA member,
134,78,Kosovo,1319.12,FIFA member,
135,77,Bolivia,1326.0,FIFA member,
136,76,Israel,1333.9,FIFA member,
137,75,Finland,1341.92,FIFA member,
138,74,Iceland,1342.77,FIFA member,
139,73,Jordan,1350.41,FIFA member,
140,72,Georgia,1355.26,FIFA member,
141,71,Jamaica,1357.84,FIFA member,
142,70,Northern Ireland,1365.3,FIFA member,
143,69,North Macedonia,1369.16,FIFA member,
144,68,United Arab Emirates,1370.47,FIFA member,
145,67,Albania,1376.03,FIFA member,
146,66,Honduras,1378.97,FIFA member,
147,65,Ghana,1387.0,FIFA member,
148,64,Cabo Verde,1402.97,FIFA member,
149,63,Iraq,1404.17,FIFA member,
150,62,Burkina Faso,1406.99,FIFA member,
151,61,Bosnia and Herzegovina,1408.93,FIFA member,
152,60,Uzbekistan,1409.73,FIFA member,
153,59,Qatar,1411.07,FIFA member,
154,58,Saudi Arabia,1425.51,FIFA member,
155,57,Tunisia,1426.59,FIFA member,
156,56,Slovenia,1441.09,FIFA member,
157,55,Republic of Ireland,1441.1,FIFA member,
158,54,South Africa,1451.24,FIFA member,
159,53,Mali,1455.59,FIFA member,
160,52,Romania,1455.89,FIFA member,
161,51,Costa Rica,1456.03,FIFA member,
162,50,Peru,1457.69,FIFA member,
163,49,Chile,1458.2,FIFA member,
164,48,Czechia,1467.26,FIFA member,
165,47,Venezuela,1469.18,FIFA member,
166,46,Greece,1473.19,FIFA member,
167,45,Slovakia,1473.66,FIFA member,
168,44,Panama,1478.42,FIFA member,
169,43,Cameroon,1481.24,FIFA member,
170,42,Scotland,1491.22,FIFA member,
171,41,Congo DR,1495.48,FIFA member,
172,40,Serbia,1502.13,FIFA member,
173,39,Hungary,1506.39,FIFA member,
174,38,Wales,1516.95,FIFA member,
175,37,Sweden,1525.58,FIFA member,
176,36,Poland,1526.18,FIFA member,
177,35,Russia,1529.6,FIFA member,
178,34,Paraguay,1542.48,FIFA member,
179,33,Ukraine,1549.29,FIFA member,
180,32,Korea Republic,1558.72,FIFA member,
181,31,Côte d'Ivoire,1565.48,FIFA member,
182,30,Canada,1571.34,FIFA member,
183,29,Algeria,1576.8,FIFA member,
184,28,Australia,1581.51,FIFA member,
185,27,Türkiye,1582.54,FIFA member,
186,26,Nigeria,1585.02,FIFA member,
187,25,Ecuador,1592.59,FIFA member,
188,24,Egypt,1597.05,FIFA member,
189,23,Austria,1598.82,FIFA member,
190,22,IR Iran,1609.84,FIFA member,
191,21,Denmark,1619.47,FIFA member,
192,20,Uruguay,1634.71,FIFA member,
193,19,Norway,1651.29,FIFA member,
194,18,Senegal,1653.43,FIFA member,
195,17,Japan,1673.68,FIFA member,
196,16,USA,1690.33,FIFA member,
197,15,Italy,1704.73,FIFA member,
198,14,Switzerland,1710.88,FIFA member,
199,13,Croatia,1723.05,FIFA member,
200,12,Germany,1726.22,FIFA member,
201,11,Colombia,1739.89,FIFA member,
202,10,Mexico,1754.3,FIFA member,
203,9,Netherlands,1775.54,FIFA member,
204,8,Belgium,1778.36,FIFA member,
205,7,Portugal,1787.86,FIFA member,
206,6,Morocco,1803.99,FIFA member,
207,5,Brazil,1804.93,FIFA member,
208,4,England,1871.38,FIFA member,
209,3,Spain,1912.34,FIFA member,
210,2,Argentina,1925.15,FIFA member,
211,1,France,1925.86,FIFA member,
